{
    "prototypes": [{
        "name": "car",
        "vehicleClass": "Car",
        "accel": 2.6,
        "decel": 4.5
    }],
    "vehicles": [
    {
            "startingTime": 1.0,
            "targetFlow": 6000,
            "maxNumberVehicles": 400,
            "route": "2",
            "lanes": [ 1, 2 ],
            "types": [
                {
                    "name": "Car",
                    "weight": 80
                },
                {
                    "name": "Car",
                    "weight": 20
            
                }
            ]
        }
    ]
}
