<?xml version='1.0' encoding='UTF-8'?>
<routes xmlns:xsi="http://www.w3.org/2001/XMLSchema-instance" xsi:noNamespaceSchemaLocation="http://sumo.dlr.de/xsd/routes_file.xsd">
    <vehicle id="0" depart="0.00">
        <route edges="-46.0.00 -47.0.00 34.0.00 -39.0.00 33.0.00 47.0.00 44.0.00 39.0.00 38.0.00 37.0.00 36.0.00 35.0.00 42.0.00 -23.0.00"/>
    </vehicle>
    <vehicle id="1" depart="1.00">
        <route edges="34.0.00 -39.0.00 33.0.00 47.0.00 44.0.00 39.0.00 31.0.00 -47.0.00 -48.0.00 -7.0.00 -8.0.00 52.0.00 27.0.00 26.0.00"/>
    </vehicle>
    <vehicle id="2" depart="2.00">
        <route edges="45.0.00 40.0.00 39.0.00 31.0.00 -47.0.00 -48.0.00 -7.0.00 -8.0.00 -9.0.00 -10.0.00 -11.0.00 3.0.00 2.0.00"/>
    </vehicle>
    <vehicle id="3" depart="3.00">
        <route edges="38.0.00 37.0.00 36.0.00 35.0.00 42.0.00 49.0.00 48.0.00 47.0.00 46.0.00"/>
    </vehicle>
    <vehicle id="4" depart="4.00">
        <route edges="-52.0.00 -9.0.00 17.0.00"/>
    </vehicle>
    <vehicle id="5" depart="5.00">
        <route edges="18.0.00 -10.0.00 -11.0.00 -12.0.00 -13.0.00 -14.0.00 -36.0.00 -37.0.00 -38.0.00 -39.0.00 33.0.00 47.0.00 44.0.00 39.0.00 38.0.00 37.0.00 36.0.00 35.0.00 42.0.00 49.0.00"/>
    </vehicle>
    <vehicle id="6" depart="6.00">
        <route edges="-5.0.00 -37.0.00 -38.0.00 -39.0.00 33.0.00 47.0.00 44.0.00 39.0.00 31.0.00 -47.0.00 -48.0.00 -7.0.00 -8.0.00 52.0.00 27.0.00 -30.0.00"/>
    </vehicle>
    <vehicle id="7" depart="7.00">
        <route edges="30.0.00 29.0.00 28.0.00 -19.0.00 -5.0.00 -37.0.00 -38.0.00 -39.0.00 33.0.00 47.0.00 44.0.00 39.0.00 38.0.00 37.0.00 36.0.00 35.0.00 42.0.00 -23.0.00"/>
    </vehicle>
    <vehicle id="8" depart="8.00">
        <route edges="52.0.00 27.0.00 26.0.00 -2.0.00 -3.0.00 -4.0.00 -5.0.00 -37.0.00 -38.0.00 -39.0.00 33.0.00 47.0.00 44.0.00 39.0.00 31.0.00 -47.0.00"/>
    </vehicle>
    <vehicle id="9" depart="9.00">
        <route edges="2.0.00 -26.0.00 29.0.00 10.0.00"/>
    </vehicle>
    
</routes>
